id,model,Mileage,Price,Year,Image_URL,CreatedBy,LastUpdatedBy,CreatedDateTime,LastUpdatedDateTime,SoftDeleteFlag
1,Audi A7,14,"$28,000",2016,https://file.kbb.com/kbb/vehicleimage/housenew/480x360/2016/2016-audi-a4-frontside_aua4sed1601.jpg,,,,,
2,Ford Fiesta,25,"$14,300",2018,https://upload.wikimedia.org/wikipedia/commons/7/7d/2017_Ford_Fiesta_Zetec_Turbo_1.0_Front.jpg,,,,,
3,Ford Focus,18,"$17,950",2018,https://upload.wikimedia.org/wikipedia/commons/6/6d/2018_Ford_Focus_Titanium_X_1.0.jpg,,,,,
4,Ford Taurus,17,"$26,000",2015,https://upload.wikimedia.org/wikipedia/commons/5/5e/2013_Ford_Taurus_SHO_Facelift.jpg,,,,,
5,VW Sharan,12,"$10,000",2014,https://upload.wikimedia.org/wikipedia/commons/thumb/a/aa/VW_Sharan_II_2.0_TDI_Reflexsilber.JPG/1280px-VW_Sharan_II_2.0_TDI_Reflexsilber.JPG,,,,,
6,VW Routan,22,$17600,2017,https://upload.wikimedia.org/wikipedia/commons/thumb/5/59/2013_Volkswagen_Golf_SE_BlueMotion_Technology_1.4_Front.jpg/1920px-2013_Volkswagen_Golf_SE_BlueMotion_Technology_1.4_Front.jpg,,,,,
7,VW Polo Mk5,15,"$19,000",2014,https://upload.wikimedia.org/wikipedia/commons/thumb/f/f0/2011_Volkswagen_Polo_S_60_1.2_Front.jpg/1920px-2011_Volkswagen_Polo_S_60_1.2_Front.jpg,,,,,
8,Toyota Sienna,23,"$30,850",2017,https://upload.wikimedia.org/wikipedia/commons/thumb/8/8c/1st_Toyota_Sienna_--_07-09-2009.jpg/1280px-1st_Toyota_Sienna_--_07-09-2009.jpg,,,,,
9,Toyota Prius,40,"$23,475",2015,https://upload.wikimedia.org/wikipedia/commons/thumb/6/61/2019_Toyota_Prius_%28ZVW50R%29_1.8_Hybrid_liftback_%282018-12-19%29_01.jpg/1280px-2019_Toyota_Prius_%28ZVW50R%29_1.8_Hybrid_liftback_%282018-12-19%29_01.jpg,,,,,
10,Toyota Corolla,17,"$18,700",2016,https://upload.wikimedia.org/wikipedia/commons/thumb/6/6a/2017_Toyota_Corolla_LE_front_5.6.18.jpg/1920px-2017_Toyota_Corolla_LE_front_5.6.18.jpg,,,,,